id,artistId,title,displayDate,stageTitle,startTimestamp,endTimestamp,ticketUrl,showInTimetable,stageId,dayId,sortOrder,stageName,dayName,dayOrder,startTime,endTime,startDate,endDate
32079,20813,Villain (Host),Thursday,HARDER STAGE,0,0,,,14230,10362,1,HARDER STAGE,Thursday,2,01:00:00,01:00:00,1970-01-01,1970-01-01
31740,20375,Jay Frog,Thursday,CLASSIC AREA,0,0,,,14238,10362,2,CLASSIC AREA,Thursday,2,01:00:00,01:00:00,1970-01-01,1970-01-01
31807,20450,Pollnik,Thursday,TERMINAL STAGE,0,0,,,14245,10362,3,TERMINAL STAGE,Thursday,2,01:00:00,01:00:00,1970-01-01,1970-01-01
32081,20813,Villain (Host),Saturday,HARDER STAGE,0,0,,,14230,10364,4,HARDER STAGE,Saturday,4,01:00:00,01:00:00,1970-01-01,1970-01-01
32080,20813,Villain (Host),Friday,HARDER STAGE,0,0,,,14230,10363,5,HARDER STAGE,Friday,3,01:00:00,01:00:00,1970-01-01,1970-01-01
32082,20813,Villain (Host),Sunday,HARDER STAGE,0,0,,,14230,10365,6,HARDER STAGE,Sunday,5,01:00:00,01:00:00,1970-01-01,1970-01-01
35166,23453,Krimsen & Mosby,Wed 10 Jul 10:00 - 11:00,VIP VILLAGE,1720598400,1720602000,,,14240,10361,7,VIP VILLAGE,Wednesday,1,10:00:00,11:00:00,2024-07-10,2024-07-10
35167,23454,Tejax,Wed 10 Jul 11:00 - 12:00,VIP VILLAGE,1720602000,1720605600,,,14240,10361,8,VIP VILLAGE,Wednesday,1,11:00:00,12:00:00,2024-07-10,2024-07-10
35168,23455,"Jerik, Pair Glasses, PS-Traxx & Valuev",Wed 10 Jul 12:00 - 13:00,VIP VILLAGE,1720605600,1720609200,,,14240,10361,9,VIP VILLAGE,Wednesday,1,12:00:00,13:00:00,2024-07-10,2024-07-10
35169,23456,Konstantin Kayser,Wed 10 Jul 13:00 - 14:00,VIP VILLAGE,1720609200,1720612800,,,14240,10361,10,VIP VILLAGE,Wednesday,1,13:00:00,14:00:00,2024-07-10,2024-07-10
35170,23457,"Elepanthr, LISTORIO & NIQE",Wed 10 Jul 14:00 - 16:00,VIP VILLAGE,1720612800,1720620000,,,14240,10361,11,VIP VILLAGE,Wednesday,1,14:00:00,16:00:00,2024-07-10,2024-07-10
35171,23458,Soyos,Wed 10 Jul 16:00 - 17:00,VIP VILLAGE,1720620000,1720623600,,,14240,10361,12,VIP VILLAGE,Wednesday,1,16:00:00,17:00:00,2024-07-10,2024-07-10
35172,23459,Karl Kirschmayer,Wed 10 Jul 17:00 - 18:00,VIP VILLAGE,1720623600,1720627200,,,14240,10361,13,VIP VILLAGE,Wednesday,1,17:00:00,18:00:00,2024-07-10,2024-07-10
35173,23460,Daniel Ledwa,Wed 10 Jul 18:00 - 19:00,VIP VILLAGE,1720627200,1720630800,,,14240,10361,14,VIP VILLAGE,Wednesday,1,18:00:00,19:00:00,2024-07-10,2024-07-10
35158,23450,Anton Jonathan,Wed 10 Jul 19:00 - 20:00,N-JOY CHECK-IN,1720630800,1720634400,,,14239,10361,15,N-JOY CHECK-IN,Wednesday,1,19:00:00,20:00:00,2024-07-10,2024-07-10
35174,23461,Jaques Raupé b2b2 Hubinek & Sperbel,Wed 10 Jul 19:00 - 20:00,VIP VILLAGE,1720630800,1720634400,,,14240,10361,16,VIP VILLAGE,Wednesday,1,19:00:00,20:00:00,2024-07-10,2024-07-10
35175,23462,Sven Cuber,Wed 10 Jul 20:00 - 21:00,VIP VILLAGE,1720634400,1720638000,,,14240,10361,17,VIP VILLAGE,Wednesday,1,20:00:00,21:00:00,2024-07-10,2024-07-10
35159,23451,Sitze,Wed 10 Jul 20:00 - 21:00,N-JOY CHECK-IN,1720634400,1720638000,,,14239,10361,18,N-JOY CHECK-IN,Wednesday,1,20:00:00,21:00:00,2024-07-10,2024-07-10
35176,23463,Toby DEE,Wed 10 Jul 21:00 - 22:00,VIP VILLAGE,1720638000,1720641600,,,14240,10361,19,VIP VILLAGE,Wednesday,1,21:00:00,22:00:00,2024-07-10,2024-07-10
31467,20099,Christian Lidsba,Wed 10 Jul 21:00 - 22:00,N-JOY CHECK-IN,1720638000,1720641600,,,14239,10361,20,N-JOY CHECK-IN,Wednesday,1,21:00:00,22:00:00,2024-07-10,2024-07-10
35177,23464,Patrick Scuro,Wed 10 Jul 22:00 - 23:00,VIP VILLAGE,1720641600,1720645200,,,14240,10361,21,VIP VILLAGE,Wednesday,1,22:00:00,23:00:00,2024-07-10,2024-07-10
31773,20420,2Elements,Wed 10 Jul 22:00 - 23:00,N-JOY CHECK-IN,1720641600,1720645200,,,14239,10361,22,N-JOY CHECK-IN,Wednesday,1,22:00:00,23:00:00,2024-07-10,2024-07-10
35178,23465,PEED,Wed 10 Jul 23:00 - 00:00,VIP VILLAGE,1720645200,1720648800,,,14240,10361,23,VIP VILLAGE,Wednesday,1,23:00:00,00:00:00,2024-07-10,2024-07-11
32073,20803,Noel Holler,Wed 10 Jul 23:00 - 00:00,N-JOY CHECK-IN,1720645200,1720648800,,,14239,10361,24,N-JOY CHECK-IN,Wednesday,1,23:00:00,00:00:00,2024-07-10,2024-07-11
35179,23466,Alex Werthan,Wed 10 Jul 00:00 - 01:00,VIP VILLAGE,1720648800,1720652400,,,14240,10361,25,VIP VILLAGE,Wednesday,1,00:00:00,01:00:00,2024-07-11,2024-07-11
31937,20602,Noisetime,Wed 10 Jul 00:00 - 01:00,N-JOY CHECK-IN,1720648800,1720652400,,,14239,10361,26,N-JOY CHECK-IN,Wednesday,1,00:00:00,01:00:00,2024-07-11,2024-07-11
35180,23467,HAW - HumanAudioWorkstation,Wed 10 Jul 01:00 - 02:00,VIP VILLAGE,1720652400,1720656000,,,14240,10361,27,VIP VILLAGE,Wednesday,1,01:00:00,02:00:00,2024-07-11,2024-07-11
33091,21554,TNT,Wed 10 Jul 01:00 - 02:00,N-JOY CHECK-IN,1720652400,1720656000,,,14239,10361,28,N-JOY CHECK-IN,Wednesday,1,01:00:00,02:00:00,2024-07-11,2024-07-11
32714,21395,Malice,Wed 10 Jul 02:00 - 03:00,N-JOY CHECK-IN,1720656000,1720659600,,,14239,10361,29,N-JOY CHECK-IN,Wednesday,1,02:00:00,03:00:00,2024-07-11,2024-07-11
35181,23468,Morten Heuer,Wed 10 Jul 02:00 - 03:00,VIP VILLAGE,1720656000,1720659600,,,14240,10361,30,VIP VILLAGE,Wednesday,1,02:00:00,03:00:00,2024-07-11,2024-07-11
35182,23469,OPIX,Wed 10 Jul 03:00 - 04:00,VIP VILLAGE,1720659600,1720663200,,,14240,10361,31,VIP VILLAGE,Wednesday,1,03:00:00,04:00:00,2024-07-11,2024-07-11
35183,23471,Jumpsox,Thu 11 Jul 10:00 - 11:00,VIP VILLAGE,1720684800,1720688400,,,14240,10362,32,VIP VILLAGE,Thursday,2,10:00:00,11:00:00,2024-07-11,2024-07-11
35184,23472,GebZøund,Thu 11 Jul 11:00 - 12:00,VIP VILLAGE,1720688400,1720692000,,,14240,10362,33,VIP VILLAGE,Thursday,2,11:00:00,12:00:00,2024-07-11,2024-07-11
35185,23473,ROMMYS b2b Romano Meinert,Thu 11 Jul 12:00 - 13:00,VIP VILLAGE,1720692000,1720695600,,,14240,10362,34,VIP VILLAGE,Thursday,2,12:00:00,13:00:00,2024-07-11,2024-07-11
35186,23474,Aganman b2b PEHCKU,Thu 11 Jul 13:00 - 14:00,VIP VILLAGE,1720695600,1720699200,,,14240,10362,35,VIP VILLAGE,Thursday,2,13:00:00,14:00:00,2024-07-11,2024-07-11
35187,23477,stahli,Thu 11 Jul 14:00 - 15:00,VIP VILLAGE,1720699200,1720702800,,,14240,10362,36,VIP VILLAGE,Thursday,2,14:00:00,15:00:00,2024-07-11,2024-07-11
36485,24264,Kim Noble,Thu 11 Jul 14:00 - 15:00,ALLIANZ STAGE,1720699200,1720702800,,,16406,10362,37,ALLIANZ STAGE,Thursday,2,14:00:00,15:00:00,2024-07-11,2024-07-11
35188,23478,MaceR b2b MIESO,Thu 11 Jul 15:00 - 16:00,VIP VILLAGE,1720702800,1720706400,,,14240,10362,38,VIP VILLAGE,Thursday,2,15:00:00,16:00:00,2024-07-11,2024-07-11
35151,23446,NO.MADS,Thu 11 Jul 16:00 - 17:00,MAINSTAGE,1720706400,1720710000,,,14228,10362,39,MAINSTAGE,Thursday,2,16:00:00,17:00:00,2024-07-11,2024-07-11
35189,23479,GIAN,Thu 11 Jul 16:00 - 17:00,VIP VILLAGE,1720706400,1720710000,,,14240,10362,40,VIP VILLAGE,Thursday,2,16:00:00,17:00:00,2024-07-11,2024-07-11
36486,24265,Halbsteiv,Thu 11 Jul 16:30 - 17:30,ALLIANZ STAGE,1720708200,1720711800,,,16406,10362,41,ALLIANZ STAGE,Thursday,2,16:30:00,17:30:00,2024-07-11,2024-07-11
35190,23480,ANDATA,Thu 11 Jul 17:00 - 18:00,VIP VILLAGE,1720710000,1720713600,,,14240,10362,42,VIP VILLAGE,Thursday,2,17:00:00,18:00:00,2024-07-11,2024-07-11
32326,21123,Korolova,Thu 11 Jul 17:00 - 18:00,MAINSTAGE,1720710000,1720713600,,,14228,10362,43,MAINSTAGE,Thursday,2,17:00:00,18:00:00,2024-07-11,2024-07-11
36487,24266,Patz & Grimbard,Thu 11 Jul 17:30 - 18:30,ALLIANZ STAGE,1720711800,1720715400,,,16406,10362,44,ALLIANZ STAGE,Thursday,2,17:30:00,18:30:00,2024-07-11,2024-07-11
32221,21051,Creek,Thu 11 Jul 17:45 - 18:45,HARDER STAGE,1720712700,1720716300,,,14230,10362,45,HARDER STAGE,Thursday,2,17:45:00,18:45:00,2024-07-11,2024-07-11
32916,21500,Incognito,Thu 11 Jul 18:00 - 20:00,SECOND STAGE,1720713600,1720720800,,,14242,10362,46,SECOND STAGE,Thursday,2,18:00:00,20:00:00,2024-07-11,2024-07-11
32323,21090,Franky B,Thu 11 Jul 18:00 - 19:00,CLASSIC AREA,1720713600,1720717200,,,14238,10362,47,CLASSIC AREA,Thursday,2,18:00:00,19:00:00,2024-07-11,2024-07-11
35153,23448,Justin Pollnik,Thu 11 Jul 18:00 - 19:00,TERMINAL STAGE,1720713600,1720717200,,,14245,10362,48,TERMINAL STAGE,Thursday,2,18:00:00,19:00:00,2024-07-11,2024-07-11
32112,20856,Argy,Thu 11 Jul 18:00 - 19:00,MAINSTAGE,1720713600,1720717200,,,14228,10362,49,MAINSTAGE,Thursday,2,18:00:00,19:00:00,2024-07-11,2024-07-11
37039,24533,Belocca,Thu 11 Jul 18:00 - 19:00,ARENA STAGE,1720713600,1720717200,,,14229,10362,50,ARENA STAGE,Thursday,2,18:00:00,19:00:00,2024-07-11,2024-07-11
36488,24267,Jay#Paul ,Thu 11 Jul 18:30 - 19:30,ALLIANZ STAGE,1720715400,1720719000,,,16406,10362,51,ALLIANZ STAGE,Thursday,2,18:30:00,19:30:00,2024-07-11,2024-07-11
31396,20028,Mandy,Thu 11 Jul 18:45 - 19:45,HARDER STAGE,1720716300,1720719900,,,14230,10362,52,HARDER STAGE,Thursday,2,18:45:00,19:45:00,2024-07-11,2024-07-11
31461,20093,Ziggy X,Thu 11 Jul 19:00 - 20:00,CLASSIC AREA,1720717200,1720720800,,,14238,10362,53,CLASSIC AREA,Thursday,2,19:00:00,20:00:00,2024-07-11,2024-07-11
31819,19830,Deborah de Luca,Thu 11 Jul 19:00 - 20:30,MAINSTAGE,1720717200,1720722600,,,14228,10362,54,MAINSTAGE,Thursday,2,19:00:00,20:30:00,2024-07-11,2024-07-11
31940,20605,Justin Prince,Thu 11 Jul 19:00 - 20:00,TERMINAL STAGE,1720717200,1720720800,,,14245,10362,55,TERMINAL STAGE,Thursday,2,19:00:00,20:00:00,2024-07-11,2024-07-11
32042,20724,LEVT,Thu 11 Jul 19:00 - 20:00,ARENA STAGE,1720717200,1720720800,,,14229,10362,56,ARENA STAGE,Thursday,2,19:00:00,20:00:00,2024-07-11,2024-07-11
31405,20037,Zatox,Thu 11 Jul 19:45 - 20:45,HARDER STAGE,1720719900,1720723500,,,14230,10362,57,HARDER STAGE,Thursday,2,19:45:00,20:45:00,2024-07-11,2024-07-11
31411,20043,Housekasper,Thu 11 Jul 20:00 - 21:00,TERMINAL STAGE,1720720800,1720724400,,,14245,10362,58,TERMINAL STAGE,Thursday,2,20:00:00,21:00:00,2024-07-11,2024-07-11
31904,20547,999999999,Thu 11 Jul 20:00 - 21:15,ARENA STAGE,1720720800,1720725300,,,14229,10362,59,ARENA STAGE,Thursday,2,20:00:00,21:15:00,2024-07-11,2024-07-11
31468,20100,Dj Gollum ,Thu 11 Jul 20:00 - 21:00,CLASSIC AREA,1720720800,1720724400,,,14238,10362,60,CLASSIC AREA,Thursday,2,20:00:00,21:00:00,2024-07-11,2024-07-11
31424,20056,AType,Thu 11 Jul 20:00 - 21:00,SECOND STAGE,1720720800,1720724400,,,14242,10362,61,SECOND STAGE,Thursday,2,20:00:00,21:00:00,2024-07-11,2024-07-11
31825,19831,Kölsch,Thu 11 Jul 20:30 - 22:00,MAINSTAGE,1720722600,1720728000,,,14228,10362,62,MAINSTAGE,Thursday,2,20:30:00,22:00:00,2024-07-11,2024-07-11
31669,20300,B-Frontliner,Thu 11 Jul 20:45 - 21:45,HARDER STAGE,1720723500,1720727100,,,14230,10362,63,HARDER STAGE,Thursday,2,20:45:00,21:45:00,2024-07-11,2024-07-11
31441,20073,Brooklyn Bounce DJ,Thu 11 Jul 21:00 - 22:00,CLASSIC AREA,1720724400,1720728000,,,14238,10362,64,CLASSIC AREA,Thursday,2,21:00:00,22:00:00,2024-07-11,2024-07-11
33084,21550,Captain Hook,Thu 11 Jul 21:00 - 22:00,SECOND STAGE,1720724400,1720728000,,,14242,10362,65,SECOND STAGE,Thursday,2,21:00:00,22:00:00,2024-07-11,2024-07-11
31742,20377,Blvck Crowz & Rewi,Thu 11 Jul 21:00 - 22:00,TERMINAL STAGE,1720724400,1720728000,,,14245,10362,66,TERMINAL STAGE,Thursday,2,21:00:00,22:00:00,2024-07-11,2024-07-11
31832,19995,Paula Temple,Thu 11 Jul 21:15 - 22:30,ARENA STAGE,1720725300,1720729800,,,14229,10362,67,ARENA STAGE,Thursday,2,21:15:00,22:30:00,2024-07-11,2024-07-11
31387,20019,D-Block & S-TE-Fan,Thu 11 Jul 21:45 - 22:45,HARDER STAGE,1720727100,1720730700,,,14230,10362,68,HARDER STAGE,Thursday,2,21:45:00,22:45:00,2024-07-11,2024-07-11
31420,20052,The Disco Boys,Thu 11 Jul 22:00 - 23:00,TERMINAL STAGE,1720728000,1720731600,,,14245,10362,69,TERMINAL STAGE,Thursday,2,22:00:00,23:00:00,2024-07-11,2024-07-11
31427,20059,Cloud 7,Thu 11 Jul 22:00 - 23:00,SECOND STAGE,1720728000,1720731600,,,14242,10362,70,SECOND STAGE,Thursday,2,22:00:00,23:00:00,2024-07-11,2024-07-11
31836,19979,Tiësto,Thu 11 Jul 22:00 - 23:30,MAINSTAGE,1720728000,1720733400,,,14228,10362,71,MAINSTAGE,Thursday,2,22:00:00,23:30:00,2024-07-11,2024-07-11
35154,23449,DERB,Thu 11 Jul 22:00 - 23:00,CLASSIC AREA,1720728000,1720731600,,,14238,10362,72,CLASSIC AREA,Thursday,2,22:00:00,23:00:00,2024-07-11,2024-07-11
31834,19996,Space 92,Thu 11 Jul 22:30 - 23:45,ARENA STAGE,1720729800,1720734300,,,14229,10362,73,ARENA STAGE,Thursday,2,22:30:00,23:45:00,2024-07-11,2024-07-11
31775,20422,Sub Zero Project B2B Phuture Noize,Thu 11 Jul 22:45 - 23:45,HARDER STAGE,1720730700,1720734300,,,14230,10362,74,HARDER STAGE,Thursday,2,22:45:00,23:45:00,2024-07-11,2024-07-11
31419,20051,Pretty Pink,Thu 11 Jul 23:00 - 00:00,TERMINAL STAGE,1720731600,1720735200,,,14245,10362,75,TERMINAL STAGE,Thursday,2,23:00:00,00:00:00,2024-07-11,2024-07-12
31469,20101,Dune,Thu 11 Jul 23:00 - 00:00,CLASSIC AREA,1720731600,1720735200,,,14238,10362,76,CLASSIC AREA,Thursday,2,23:00:00,00:00:00,2024-07-11,2024-07-12
32217,21048,Astrix,Thu 11 Jul 23:00 - 00:30,SECOND STAGE,1720731600,1720737000,,,14242,10362,77,SECOND STAGE,Thursday,2,23:00:00,00:30:00,2024-07-11,2024-07-12
31839,19842,Will Sparks,Thu 11 Jul 23:30 - 00:30,MAINSTAGE,1720733400,1720737000,,,14228,10362,78,MAINSTAGE,Thursday,2,23:30:00,00:30:00,2024-07-11,2024-07-12
31761,20409,Umek b2b Heerhorst,Thu 11 Jul 23:45 - 01:00,ARENA STAGE,1720734300,1720738800,,,14229,10362,79,ARENA STAGE,Thursday,2,23:45:00,01:00:00,2024-07-11,2024-07-12
36707,24413,Opening Show,Thu 11 Jul 23:45 - 00:00,HARDER STAGE,1720734300,1720735200,,,14230,10362,80,HARDER STAGE,Thursday,2,23:45:00,00:00:00,2024-07-11,2024-07-12
31821,20454,Gestört aber Geil,Thu 11 Jul 00:00 - 01:15,TERMINAL STAGE,1720735200,1720739700,,,14245,10362,81,TERMINAL STAGE,Thursday,2,00:00:00,01:15:00,2024-07-12,2024-07-12
31448,20080,Dj Sammy,Thu 11 Jul 00:00 - 01:00,CLASSIC AREA,1720735200,1720738800,,,14238,10362,82,CLASSIC AREA,Thursday,2,00:00:00,01:00:00,2024-07-12,2024-07-12
31388,20020,D-Sturb,Thu 11 Jul 00:00 - 00:30,HARDER STAGE,1720735200,1720737000,,,14230,10362,83,HARDER STAGE,Thursday,2,00:00:00,00:30:00,2024-07-12,2024-07-12
32142,20883,Vertile,Thu 11 Jul 00:30 - 01:15,HARDER STAGE,1720737000,1720739700,,,14230,10362,84,HARDER STAGE,Thursday,2,00:30:00,01:15:00,2024-07-12,2024-07-12
32957,21539,Ace Ventura,Thu 11 Jul 00:30 - 02:00,SECOND STAGE,1720737000,1720742400,,,14242,10362,85,SECOND STAGE,Thursday,2,00:30:00,02:00:00,2024-07-12,2024-07-12
31838,19841,W&W,Thu 11 Jul 00:30 - 01:30,MAINSTAGE,1720737000,1720740600,,,14228,10362,86,MAINSTAGE,Thursday,2,00:30:00,01:30:00,2024-07-12,2024-07-12
31454,20086,Niels Van Gogh,Thu 11 Jul 01:00 - 02:00,CLASSIC AREA,1720738800,1720742400,,,14238,10362,87,CLASSIC AREA,Thursday,2,01:00:00,02:00:00,2024-07-12,2024-07-12
31826,19992,Lilly Palmer ,Thu 11 Jul 01:00 - 02:30,ARENA STAGE,1720738800,1720744200,,,14229,10362,88,ARENA STAGE,Thursday,2,01:00:00,02:30:00,2024-07-12,2024-07-12
31422,20054,YouNotUs,Thu 11 Jul 01:15 - 02:15,TERMINAL STAGE,1720739700,1720743300,,,14245,10362,89,TERMINAL STAGE,Thursday,2,01:15:00,02:15:00,2024-07-12,2024-07-12
31383,20015,Act of Rage,Thu 11 Jul 01:15 - 02:15,HARDER STAGE,1720739700,1720743300,,,14230,10362,90,HARDER STAGE,Thursday,2,01:15:00,02:15:00,2024-07-12,2024-07-12
30948,19551,Armin van Buuren,Thu 11 Jul 01:30 - 03:00,MAINSTAGE,1720740600,1720746000,,,14228,10362,91,MAINSTAGE,Thursday,2,01:30:00,03:00:00,2024-07-12,2024-07-12
31436,20068,Sajanka,Thu 11 Jul 02:00 - 03:30,SECOND STAGE,1720742400,1720747800,,,14242,10362,92,SECOND STAGE,Thursday,2,02:00:00,03:30:00,2024-07-12,2024-07-12
31460,20092,Woody Van Eyden ,Thu 11 Jul 02:00 - 03:00,CLASSIC AREA,1720742400,1720746000,,,14238,10362,93,CLASSIC AREA,Thursday,2,02:00:00,03:00:00,2024-07-12,2024-07-12
31938,20603,Rebelion,Thu 11 Jul 02:15 - 03:15,HARDER STAGE,1720743300,1720746900,,,14230,10362,94,HARDER STAGE,Thursday,2,02:15:00,03:15:00,2024-07-12,2024-07-12
31741,20376,Thomas Lizzara,Thu 11 Jul 02:15 - 03:15,TERMINAL STAGE,1720743300,1720746900,,,14245,10362,95,TERMINAL STAGE,Thursday,2,02:15:00,03:15:00,2024-07-12,2024-07-12
31823,19989,i hate models,Thu 11 Jul 02:30 - 04:00,ARENA STAGE,1720744200,1720749600,,,14229,10362,96,ARENA STAGE,Thursday,2,02:30:00,04:00:00,2024-07-12,2024-07-12
31446,20078,Dj Falk ,Thu 11 Jul 03:00 - 04:00,CLASSIC AREA,1720746000,1720749600,,,14238,10362,97,CLASSIC AREA,Thursday,2,03:00:00,04:00:00,2024-07-12,2024-07-12
31827,20462,Mish,Thu 11 Jul 03:15 - 04:15,HARDER STAGE,1720746900,1720750500,,,14230,10362,98,HARDER STAGE,Thursday,2,03:15:00,04:15:00,2024-07-12,2024-07-12
31413,20045,Komacasper,Thu 11 Jul 03:15 - 04:15,TERMINAL STAGE,1720746900,1720750500,,,14245,10362,99,TERMINAL STAGE,Thursday,2,03:15:00,04:15:00,2024-07-12,2024-07-12
31423,20055,Alchimyst,Thu 11 Jul 03:30 - 04:30,SECOND STAGE,1720747800,1720751400,,,14242,10362,100,SECOND STAGE,Thursday,2,03:30:00,04:30:00,2024-07-12,2024-07-12
31820,19987,Fatima Hajji,Thu 11 Jul 04:00 - 05:00,ARENA STAGE,1720749600,1720753200,,,14229,10362,101,ARENA STAGE,Thursday,2,04:00:00,05:00:00,2024-07-12,2024-07-12
32095,20829,CJ Stone,Thu 11 Jul 04:00 - 05:00,CLASSIC AREA,1720749600,1720753200,,,14238,10362,102,CLASSIC AREA,Thursday,2,04:00:00,05:00:00,2024-07-12,2024-07-12
31401,20033,Sefa,Thu 11 Jul 04:15 - 05:15,HARDER STAGE,1720750500,1720754100,,,14230,10362,103,HARDER STAGE,Thursday,2,04:15:00,05:15:00,2024-07-12,2024-07-12
31409,20041,Die Gebrüder Brett,Thu 11 Jul 04:15 - 05:15,TERMINAL STAGE,1720750500,1720754100,,,14245,10362,104,TERMINAL STAGE,Thursday,2,04:15:00,05:15:00,2024-07-12,2024-07-12
31435,20067,Rising Dust,Thu 11 Jul 04:30 - 06:00,SECOND STAGE,1720751400,1720756800,,,14242,10362,105,SECOND STAGE,Thursday,2,04:30:00,06:00:00,2024-07-12,2024-07-12
32845,21475,Creek B2B Mira,Thu 11 Jul 05:00 - 06:00,CLASSIC AREA,1720753200,1720756800,,,14238,10362,106,CLASSIC AREA,Thursday,2,05:00:00,06:00:00,2024-07-12,2024-07-12
31294,19993,Nusha,Thu 11 Jul 05:00 - 06:00,ARENA STAGE,1720753200,1720756800,,,14229,10362,107,ARENA STAGE,Thursday,2,05:00:00,06:00:00,2024-07-12,2024-07-12
32087,20818,Nicolas Binder,Thu 11 Jul 05:15 - 06:00,TERMINAL STAGE,1720754100,1720756800,,,14245,10362,108,TERMINAL STAGE,Thursday,2,05:15:00,06:00:00,2024-07-12,2024-07-12
31395,20027,Lil Texas,Thu 11 Jul 05:15 - 06:00,HARDER STAGE,1720754100,1720756800,,,14230,10362,109,HARDER STAGE,Thursday,2,05:15:00,06:00:00,2024-07-12,2024-07-12
35191,23483,SYRØN,Fri 12 Jul 10:00 - 11:15,VIP VILLAGE,1720771200,1720775700,,,14240,10363,110,VIP VILLAGE,Friday,3,10:00:00,11:15:00,2024-07-12,2024-07-12
35192,23446,NO.MADS,Fri 12 Jul 11:15 - 12:30,VIP VILLAGE,1720775700,1720780200,,,14240,10363,111,VIP VILLAGE,Friday,3,11:15:00,12:30:00,2024-07-12,2024-07-12
35193,23484,The Coast,Fri 12 Jul 12:30 - 13:45,VIP VILLAGE,1720780200,1720784700,,,14240,10363,112,VIP VILLAGE,Friday,3,12:30:00,13:45:00,2024-07-12,2024-07-12
35194,23485,VABU b2b DAVIDE,Fri 12 Jul 13:45 - 15:30,VIP VILLAGE,1720784700,1720791000,,,14240,10363,113,VIP VILLAGE,Friday,3,13:45:00,15:30:00,2024-07-12,2024-07-12
36489,24268,Burlesque,Fri 12 Jul 14:00 - 15:00,ALLIANZ STAGE,1720785600,1720789200,,,16406,10363,114,ALLIANZ STAGE,Friday,3,14:00:00,15:00:00,2024-07-12,2024-07-12
35195,23486,Felipe Alemais,Fri 12 Jul 15:30 - 16:45,VIP VILLAGE,1720791000,1720795500,,,14240,10363,115,VIP VILLAGE,Friday,3,15:30:00,16:45:00,2024-07-12,2024-07-12
31743,20378,SKIY,Fri 12 Jul 16:00 - 17:00,MAINSTAGE,1720792800,1720796400,,,14228,10363,116,MAINSTAGE,Friday,3,16:00:00,17:00:00,2024-07-12,2024-07-12
36490,24269,Force,Fri 12 Jul 16:30 - 17:30,ALLIANZ STAGE,1720794600,1720798200,,,16406,10363,117,ALLIANZ STAGE,Friday,3,16:30:00,17:30:00,2024-07-12,2024-07-12
35196,23487,Sebastian Willms,Fri 12 Jul 16:45 - 18:30,VIP VILLAGE,1720795500,1720801800,,,14240,10363,118,VIP VILLAGE,Friday,3,16:45:00,18:30:00,2024-07-12,2024-07-12
31670,20301,Mau P,Fri 12 Jul 17:00 - 18:30,MAINSTAGE,1720796400,1720801800,tickets.airbeat-one.de,,14228,10363,119,MAINSTAGE,Friday,3,17:00:00,18:30:00,2024-07-12,2024-07-12
36491,24270,Putti0815,Fri 12 Jul 17:30 - 18:30,ALLIANZ STAGE,1720798200,1720801800,,,16406,10363,120,ALLIANZ STAGE,Friday,3,17:30:00,18:30:00,2024-07-12,2024-07-12
31428,20060,Durs,Fri 12 Jul 18:00 - 19:30,SECOND STAGE,1720800000,1720805400,,,14242,10363,121,SECOND STAGE,Friday,3,18:00:00,19:30:00,2024-07-12,2024-07-12
32143,20884,Clockartz,Fri 12 Jul 18:00 - 19:00,HARDER STAGE,1720800000,1720803600,,,14230,10363,122,HARDER STAGE,Friday,3,18:00:00,19:00:00,2024-07-12,2024-07-12
32170,20928,Uwe Worlitzer,Fri 12 Jul 18:00 - 19:00,TERMINAL STAGE,1720800000,1720803600,,,14245,10363,123,TERMINAL STAGE,Friday,3,18:00:00,19:00:00,2024-07-12,2024-07-12
32174,20968,Martink,Fri 12 Jul 18:00 - 19:00,CLASSIC AREA,1720800000,1720803600,,,14238,10363,124,CLASSIC AREA,Friday,3,18:00:00,19:00:00,2024-07-12,2024-07-12
35000,23306,Belocca b2b Tommahawk,Fri 12 Jul 18:00 - 19:00,ARENA STAGE,1720800000,1720803600,,,14229,10363,125,ARENA STAGE,Friday,3,18:00:00,19:00:00,2024-07-12,2024-07-12
36492,24271,Buhold ,Fri 12 Jul 18:30 - 19:30,ALLIANZ STAGE,1720801800,1720805400,,,16406,10363,126,ALLIANZ STAGE,Friday,3,18:30:00,19:30:00,2024-07-12,2024-07-12
31471,20103,Kevin de Vries,Fri 12 Jul 18:30 - 20:00,MAINSTAGE,1720801800,1720807200,,,14228,10363,127,MAINSTAGE,Friday,3,18:30:00,20:00:00,2024-07-12,2024-07-12
31412,20044,Jerome,Fri 12 Jul 19:00 - 20:00,TERMINAL STAGE,1720803600,1720807200,,,14245,10363,128,TERMINAL STAGE,Friday,3,19:00:00,20:00:00,2024-07-12,2024-07-12
31450,20082,Ian Van Dahl ,Fri 12 Jul 19:00 - 20:00,CLASSIC AREA,1720803600,1720807200,,,14238,10363,129,CLASSIC AREA,Friday,3,19:00:00,20:00:00,2024-07-12,2024-07-12
31812,19982,Basswell,Fri 12 Jul 19:00 - 20:15,ARENA STAGE,1720803600,1720808100,,,14229,10363,130,ARENA STAGE,Friday,3,19:00:00,20:15:00,2024-07-12,2024-07-12
31774,20421,Audiotricz,Fri 12 Jul 19:00 - 20:00,HARDER STAGE,1720803600,1720807200,,,14230,10363,131,HARDER STAGE,Friday,3,19:00:00,20:00:00,2024-07-12,2024-07-12
31462,20094,Ranji,Fri 12 Jul 19:30 - 21:00,SECOND STAGE,1720805400,1720810800,,,14242,10363,132,SECOND STAGE,Friday,3,19:30:00,21:00:00,2024-07-12,2024-07-12
31414,20046,Kxxma,Fri 12 Jul 20:00 - 21:00,TERMINAL STAGE,1720807200,1720810800,,,14245,10363,133,TERMINAL STAGE,Friday,3,20:00:00,21:00:00,2024-07-12,2024-07-12
31464,20096,Aftershock b2b Wildstylez,Fri 12 Jul 20:00 - 21:00,HARDER STAGE,1720807200,1720810800,,,14230,10363,134,HARDER STAGE,Friday,3,20:00:00,21:00:00,2024-07-12,2024-07-12
31814,19828,Boris Brejcha,Fri 12 Jul 20:00 - 21:30,MAINSTAGE,1720807200,1720812600,,,14228,10363,135,MAINSTAGE,Friday,3,20:00:00,21:30:00,2024-07-12,2024-07-12
31841,20476,Dj MellowD,Fri 12 Jul 20:00 - 21:00,CLASSIC AREA,1720807200,1720810800,,,14238,10363,136,CLASSIC AREA,Friday,3,20:00:00,21:00:00,2024-07-12,2024-07-12
31815,19984,Cera Khin,Fri 12 Jul 20:15 - 21:30,ARENA STAGE,1720808100,1720812600,,,14229,10363,137,ARENA STAGE,Friday,3,20:15:00,21:30:00,2024-07-12,2024-07-12
31416,20048,Mariana Bo,Fri 12 Jul 21:00 - 22:15,TERMINAL STAGE,1720810800,1720815300,,,14245,10363,138,TERMINAL STAGE,Friday,3,21:00:00,22:15:00,2024-07-12,2024-07-12
31432,20064,Omiki,Fri 12 Jul 21:00 - 22:00,SECOND STAGE,1720810800,1720814400,,,14242,10363,139,SECOND STAGE,Friday,3,21:00:00,22:00:00,2024-07-12,2024-07-12
31386,20018,Coone ,Fri 12 Jul 21:00 - 22:00,HARDER STAGE,1720810800,1720814400,,,14230,10363,140,HARDER STAGE,Friday,3,21:00:00,22:00:00,2024-07-12,2024-07-12
32039,20721,Eric SSL,Fri 12 Jul 21:00 - 22:00,CLASSIC AREA,1720810800,1720814400,,,14238,10363,141,CLASSIC AREA,Friday,3,21:00:00,22:00:00,2024-07-12,2024-07-12
31817,19829,Charlotte de Witte,Fri 12 Jul 21:30 - 23:10,MAINSTAGE,1720812600,1720818600,,,14228,10363,142,MAINSTAGE,Friday,3,21:30:00,23:10:00,2024-07-12,2024-07-12
31816,19985,Charlie Sparks,Fri 12 Jul 21:30 - 23:00,ARENA STAGE,1720812600,1720818000,,,14229,10363,143,ARENA STAGE,Friday,3,21:30:00,23:00:00,2024-07-12,2024-07-12
31444,20076,Da Hool,Fri 12 Jul 22:00 - 23:00,CLASSIC AREA,1720814400,1720818000,,,14238,10363,144,CLASSIC AREA,Friday,3,22:00:00,23:00:00,2024-07-12,2024-07-12
31463,20095,Ghost Rider,Fri 12 Jul 22:00 - 23:00,SECOND STAGE,1720814400,1720818000,,,14242,10363,145,SECOND STAGE,Friday,3,22:00:00,23:00:00,2024-07-12,2024-07-12
31399,20031,Ran-D,Fri 12 Jul 22:00 - 23:00,HARDER STAGE,1720814400,1720818000,,,14230,10363,146,HARDER STAGE,Friday,3,22:00:00,23:00:00,2024-07-12,2024-07-12
31415,20047,Le Shuuk,Fri 12 Jul 22:15 - 23:30,TERMINAL STAGE,1720815300,1720819800,,,14245,10363,147,TERMINAL STAGE,Friday,3,22:15:00,23:30:00,2024-07-12,2024-07-12
31398,20030,Paul Elstak ,Fri 12 Jul 23:00 - 00:00,HARDER STAGE,1720818000,1720821600,,,14230,10363,148,HARDER STAGE,Friday,3,23:00:00,00:00:00,2024-07-12,2024-07-13
31425,20057,Blazy,Fri 12 Jul 23:00 - 00:00,SECOND STAGE,1720818000,1720821600,,,14242,10363,149,SECOND STAGE,Friday,3,23:00:00,00:00:00,2024-07-12,2024-07-13
31139,19563,Ann Clue,Fri 12 Jul 23:00 - 00:00,ARENA STAGE,1720818000,1720821600,,,14229,10363,150,ARENA STAGE,Friday,3,23:00:00,00:00:00,2024-07-12,2024-07-13
31452,20084,Kai Tracid,Fri 12 Jul 23:00 - 00:00,CLASSIC AREA,1720818000,1720821600,,,14238,10363,151,CLASSIC AREA,Friday,3,23:00:00,00:00:00,2024-07-12,2024-07-13
32548,21291,twocolors,Fri 12 Jul 23:30 - 00:30,TERMINAL STAGE,1720819800,1720823400,,,14245,10363,152,TERMINAL STAGE,Friday,3,23:30:00,00:30:00,2024-07-12,2024-07-13
31833,19838,Scooter,Fri 12 Jul 23:30 - 00:30,MAINSTAGE,1720819800,1720823400,,,14228,10363,153,MAINSTAGE,Friday,3,23:30:00,00:30:00,2024-07-12,2024-07-13
31293,19991,Joyhauser ,Fri 12 Jul 00:00 - 01:30,ARENA STAGE,1720821600,1720827000,,,14229,10363,154,ARENA STAGE,Friday,3,00:00:00,01:30:00,2024-07-13,2024-07-13
31400,20032,Rooler,Fri 12 Jul 00:00 - 01:00,HARDER STAGE,1720821600,1720825200,,,14230,10363,155,HARDER STAGE,Friday,3,00:00:00,01:00:00,2024-07-13,2024-07-13
31439,20070,Vegas,Fri 12 Jul 00:00 - 01:00,SECOND STAGE,1720821600,1720825200,,,14242,10363,156,SECOND STAGE,Friday,3,00:00:00,01:00:00,2024-07-13,2024-07-13
31458,20090,Talla 2XLC,Fri 12 Jul 00:00 - 01:00,CLASSIC AREA,1720821600,1720825200,,,14238,10363,157,CLASSIC AREA,Friday,3,00:00:00,01:00:00,2024-07-13,2024-07-13
31421,20053,Vize,Fri 12 Jul 00:30 - 02:00,TERMINAL STAGE,1720823400,1720828800,,,14245,10363,158,TERMINAL STAGE,Friday,3,00:30:00,02:00:00,2024-07-13,2024-07-13
30949,19552,Dimitri Vegas & Like Mike,Fri 12 Jul 00:45 - 01:45,MAINSTAGE,1720824300,1720827900,,,14228,10363,159,MAINSTAGE,Friday,3,00:45:00,01:45:00,2024-07-13,2024-07-13
31739,20374,Krid P,Fri 12 Jul 01:00 - 02:00,CLASSIC AREA,1720825200,1720828800,,,14238,10363,160,CLASSIC AREA,Friday,3,01:00:00,02:00:00,2024-07-13,2024-07-13
31394,20026,Jebroer,Fri 12 Jul 01:00 - 02:00,HARDER STAGE,1720825200,1720828800,,,14230,10363,161,HARDER STAGE,Friday,3,01:00:00,02:00:00,2024-07-13,2024-07-13
32345,21141,Blastoyz,Fri 12 Jul 01:00 - 02:00,SECOND STAGE,1720825200,1720828800,,,14242,10363,162,SECOND STAGE,Friday,3,01:00:00,02:00:00,2024-07-13,2024-07-13
31811,19981,Anfisa Letyago,Fri 12 Jul 01:30 - 03:00,ARENA STAGE,1720827000,1720832400,,,14229,10363,163,ARENA STAGE,Friday,3,01:30:00,03:00:00,2024-07-13,2024-07-13
31835,19839,Timmy Trumpet,Fri 12 Jul 01:45 - 03:00,MAINSTAGE,1720827900,1720832400,,,14228,10363,164,MAINSTAGE,Friday,3,01:45:00,03:00:00,2024-07-13,2024-07-13
31404,20036,Warface,Fri 12 Jul 02:00 - 03:00,HARDER STAGE,1720828800,1720832400,,,14230,10363,165,HARDER STAGE,Friday,3,02:00:00,03:00:00,2024-07-13,2024-07-13
31447,20079,Dj Quicksilver,Fri 12 Jul 02:00 - 03:00,CLASSIC AREA,1720828800,1720832400,,,14238,10363,166,CLASSIC AREA,Friday,3,02:00:00,03:00:00,2024-07-13,2024-07-13
31806,20449,Fedde Le Grand,Fri 12 Jul 02:00 - 03:00,TERMINAL STAGE,1720828800,1720832400,,,14245,10363,167,TERMINAL STAGE,Friday,3,02:00:00,03:00:00,2024-07-13,2024-07-13
31138,19782,Berg,Fri 12 Jul 02:00 - 03:30,SECOND STAGE,1720828800,1720834200,,,14242,10363,168,SECOND STAGE,Friday,3,02:00:00,03:30:00,2024-07-13,2024-07-13
31445,20077,Dj Dean,Fri 12 Jul 03:00 - 04:00,CLASSIC AREA,1720832400,1720836000,,,14238,10363,169,CLASSIC AREA,Friday,3,03:00:00,04:00:00,2024-07-13,2024-07-13
31390,20022,Deadly Guns,Fri 12 Jul 03:00 - 04:00,HARDER STAGE,1720832400,1720836000,,,14230,10363,170,HARDER STAGE,Friday,3,03:00:00,04:00:00,2024-07-13,2024-07-13
31903,20546,Clara Cuvé,Fri 12 Jul 03:00 - 04:30,ARENA STAGE,1720832400,1720837800,,,14229,10363,171,ARENA STAGE,Friday,3,03:00:00,04:30:00,2024-07-13,2024-07-13
31417,20049,Mattn,Fri 12 Jul 03:00 - 04:30,TERMINAL STAGE,1720832400,1720837800,,,14245,10363,172,TERMINAL STAGE,Friday,3,03:00:00,04:30:00,2024-07-13,2024-07-13
31426,20058,Claudinho Brasil,Fri 12 Jul 03:30 - 04:30,SECOND STAGE,1720834200,1720837800,,,14242,10363,173,SECOND STAGE,Friday,3,03:30:00,04:30:00,2024-07-13,2024-07-13
32008,20671,Revil O,Fri 12 Jul 04:00 - 05:00,CLASSIC AREA,1720836000,1720839600,,,14238,10363,174,CLASSIC AREA,Friday,3,04:00:00,05:00:00,2024-07-13,2024-07-13
31392,20024,Dr. Peacock Live,Fri 12 Jul 04:00 - 05:00,HARDER STAGE,1720836000,1720839600,,,14230,10363,175,HARDER STAGE,Friday,3,04:00:00,05:00:00,2024-07-13,2024-07-13
31830,19994,Parfait,Fri 12 Jul 04:30 - 06:00,ARENA STAGE,1720837800,1720843200,,,14229,10363,176,ARENA STAGE,Friday,3,04:30:00,06:00:00,2024-07-13,2024-07-13
31666,20297,Zyrus 7,Fri 12 Jul 04:30 - 06:00,SECOND STAGE,1720837800,1720843200,,,14242,10363,177,SECOND STAGE,Friday,3,04:30:00,06:00:00,2024-07-13,2024-07-13
32169,20927,ZEUZ,Fri 12 Jul 04:30 - 06:00,TERMINAL STAGE,1720837800,1720843200,,,14245,10363,178,TERMINAL STAGE,Friday,3,04:30:00,06:00:00,2024-07-13,2024-07-13
31391,20023,Dimitri K,Fri 12 Jul 05:00 - 06:00,HARDER STAGE,1720839600,1720843200,,,14230,10363,179,HARDER STAGE,Friday,3,05:00:00,06:00:00,2024-07-13,2024-07-13
32808,21454,DJ Bomba,Fri 12 Jul 05:00 - 06:00,CLASSIC AREA,1720839600,1720843200,,,14238,10363,180,CLASSIC AREA,Friday,3,05:00:00,06:00:00,2024-07-13,2024-07-13
35197,23487,Sebastian Willms,Sat 13 Jul 10:00 - 11:15,VIP VILLAGE,1720857600,1720862100,,,14240,10364,181,VIP VILLAGE,Saturday,4,10:00:00,11:15:00,2024-07-13,2024-07-13
35198,23485,VABU b2b DAVIDE,Sat 13 Jul 11:15 - 12:30,VIP VILLAGE,1720862100,1720866600,,,14240,10364,182,VIP VILLAGE,Saturday,4,11:15:00,12:30:00,2024-07-13,2024-07-13
35199,23488,Bagalut,Sat 13 Jul 12:30 - 13:45,VIP VILLAGE,1720866600,1720871100,,,14240,10364,183,VIP VILLAGE,Saturday,4,12:30:00,13:45:00,2024-07-13,2024-07-13
35200,23483,SYRØN,Sat 13 Jul 13:45 - 14:45,VIP VILLAGE,1720871100,1720874700,,,14240,10364,184,VIP VILLAGE,Saturday,4,13:45:00,14:45:00,2024-07-13,2024-07-13
36493,24272,U-Beats,Sat 13 Jul 14:00 - 15:00,ALLIANZ STAGE,1720872000,1720875600,,,16406,10364,185,ALLIANZ STAGE,Saturday,4,14:00:00,15:00:00,2024-07-13,2024-07-13
35201,23486,Felipe Alemais,Sat 13 Jul 14:45 - 16:00,VIP VILLAGE,1720874700,1720879200,,,14240,10364,186,VIP VILLAGE,Saturday,4,14:45:00,16:00:00,2024-07-13,2024-07-13
32040,20722,Marten Hørger,Sat 13 Jul 15:00 - 16:00,MAINSTAGE,1720875600,1720879200,,,14228,10364,187,MAINSTAGE,Saturday,4,15:00:00,16:00:00,2024-07-13,2024-07-13
31897,20541,R3HAB,Sat 13 Jul 16:00 - 17:00,MAINSTAGE,1720879200,1720882800,,,14228,10364,188,MAINSTAGE,Saturday,4,16:00:00,17:00:00,2024-07-13,2024-07-13
35202,23446,NO.MADS,Sat 13 Jul 16:00 - 17:00,VIP VILLAGE,1720879200,1720882800,,,14240,10364,189,VIP VILLAGE,Saturday,4,16:00:00,17:00:00,2024-07-13,2024-07-13
36494,24273,Jo'L,Sat 13 Jul 16:30 - 17:30,ALLIANZ STAGE,1720881000,1720884600,,,16406,10364,190,ALLIANZ STAGE,Saturday,4,16:30:00,17:30:00,2024-07-13,2024-07-13
35203,23484,The Coast,Sat 13 Jul 17:00 - 18:00,VIP VILLAGE,1720882800,1720886400,,,14240,10364,191,VIP VILLAGE,Saturday,4,17:00:00,18:00:00,2024-07-13,2024-07-13
35160,23452,Daniel Best,Sat 13 Jul 17:00 - 18:00,TERMINAL STAGE,1720882800,1720886400,,,14245,10364,192,TERMINAL STAGE,Saturday,4,17:00:00,18:00:00,2024-07-13,2024-07-13
31828,19833,Neelix,Sat 13 Jul 17:00 - 18:30,MAINSTAGE,1720882800,1720888200,,,14228,10364,193,MAINSTAGE,Saturday,4,17:00:00,18:30:00,2024-07-13,2024-07-13
36495,24274,Rob.Bee,Sat 13 Jul 17:30 - 18:30,ALLIANZ STAGE,1720884600,1720888200,,,16406,10364,194,ALLIANZ STAGE,Saturday,4,17:30:00,18:30:00,2024-07-13,2024-07-13
31667,20298,Plus One,Sat 13 Jul 18:00 - 19:30,SECOND STAGE,1720886400,1720891800,,,14242,10364,195,SECOND STAGE,Saturday,4,18:00:00,19:30:00,2024-07-13,2024-07-13
35157,20099,Christian Lidsba,Sat 13 Jul 18:00 - 19:00,TERMINAL STAGE,1720886400,1720890000,,,14245,10364,196,TERMINAL STAGE,Saturday,4,18:00:00,19:00:00,2024-07-13,2024-07-13
35072,23369,Prophecy,Sat 13 Jul 18:00 - 19:00,ARENA STAGE,1720886400,1720890000,,,14229,10364,197,ARENA STAGE,Saturday,4,18:00:00,19:00:00,2024-07-13,2024-07-13
31664,20295,Villain,Sat 13 Jul 18:00 - 19:00,HARDER STAGE,1720886400,1720890000,,,14230,10364,198,HARDER STAGE,Saturday,4,18:00:00,19:00:00,2024-07-13,2024-07-13
32840,21471,Slideout B2B Pacemaker,Sat 13 Jul 18:00 - 19:00,CLASSIC AREA,1720886400,1720890000,,,14238,10364,199,CLASSIC AREA,Saturday,4,18:00:00,19:00:00,2024-07-13,2024-07-13
31810,19978,Alok,Sat 13 Jul 18:30 - 19:50,MAINSTAGE,1720888200,1720893000,,,14228,10364,200,MAINSTAGE,Saturday,4,18:30:00,19:50:00,2024-07-13,2024-07-13
36496,24275,AlphaBeat,Sat 13 Jul 18:30 - 19:30,ALLIANZ STAGE,1720888200,1720891800,,,16406,10364,201,ALLIANZ STAGE,Saturday,4,18:30:00,19:30:00,2024-07-13,2024-07-13
32173,20967,Money-G,Sat 13 Jul 19:00 - 20:00,CLASSIC AREA,1720890000,1720893600,,,14238,10364,202,CLASSIC AREA,Saturday,4,19:00:00,20:00:00,2024-07-13,2024-07-13
31382,20014,3 Blokes,Sat 13 Jul 19:00 - 20:00,HARDER STAGE,1720890000,1720893600,,,14230,10364,203,HARDER STAGE,Saturday,4,19:00:00,20:00:00,2024-07-13,2024-07-13
31406,20038,Anstandslos & Durchgeknallt,Sat 13 Jul 19:00 - 20:00,TERMINAL STAGE,1720890000,1720893600,,,14245,10364,204,TERMINAL STAGE,Saturday,4,19:00:00,20:00:00,2024-07-13,2024-07-13
31813,19983,Biia,Sat 13 Jul 19:00 - 20:30,ARENA STAGE,1720890000,1720895400,,,14229,10364,205,ARENA STAGE,Saturday,4,19:00:00,20:30:00,2024-07-13,2024-07-13
31433,20065,Phaxe b2b Querox,Sat 13 Jul 19:30 - 21:00,SECOND STAGE,1720891800,1720897200,,,14242,10364,206,SECOND STAGE,Saturday,4,19:30:00,21:00:00,2024-07-13,2024-07-13
31665,20296,Noise Controllers,Sat 13 Jul 20:00 - 21:00,HARDER STAGE,1720893600,1720897200,,,14230,10364,207,HARDER STAGE,Saturday,4,20:00:00,21:00:00,2024-07-13,2024-07-13
32096,20830,Chris Nitro,Sat 13 Jul 20:00 - 21:00,CLASSIC AREA,1720893600,1720897200,,,14238,10364,208,CLASSIC AREA,Saturday,4,20:00:00,21:00:00,2024-07-13,2024-07-13
31466,20098,Bassjackers,Sat 13 Jul 20:00 - 21:15,TERMINAL STAGE,1720893600,1720898100,,,14245,10364,209,TERMINAL STAGE,Saturday,4,20:00:00,21:15:00,2024-07-13,2024-07-13
31831,19836,Paul Kalkbrenner,Sat 13 Jul 20:00 - 21:30,MAINSTAGE,1720893600,1720899000,,,14228,10364,210,MAINSTAGE,Saturday,4,20:00:00,21:30:00,2024-07-13,2024-07-13
32131,20874,Shlømo,Sat 13 Jul 20:30 - 22:00,ARENA STAGE,1720895400,1720900800,,,14229,10364,211,ARENA STAGE,Saturday,4,20:30:00,22:00:00,2024-07-13,2024-07-13
31456,20088,Special D,Sat 13 Jul 21:00 - 22:00,CLASSIC AREA,1720897200,1720900800,,,14238,10364,212,CLASSIC AREA,Saturday,4,21:00:00,22:00:00,2024-07-13,2024-07-13
31465,20097,Atmozfears b2b Adrenalize,Sat 13 Jul 21:00 - 22:00,HARDER STAGE,1720897200,1720900800,,,14230,10364,213,HARDER STAGE,Saturday,4,21:00:00,22:00:00,2024-07-13,2024-07-13
31429,20061,Fabio Fusco,Sat 13 Jul 21:00 - 22:30,SECOND STAGE,1720897200,1720902600,,,14242,10364,214,SECOND STAGE,Saturday,4,21:00:00,22:30:00,2024-07-13,2024-07-13
31418,20050,Ostblockschlampen ,Sat 13 Jul 21:15 - 22:30,TERMINAL STAGE,1720898100,1720902600,,,14245,10364,215,TERMINAL STAGE,Saturday,4,21:15:00,22:30:00,2024-07-13,2024-07-13
32115,20859,ARTBAT,Sat 13 Jul 21:40 - 23:00,MAINSTAGE,1720899600,1720904400,,,14228,10364,216,MAINSTAGE,Saturday,4,21:40:00,23:00:00,2024-07-13,2024-07-13
31385,20017,Brennan Heart,Sat 13 Jul 22:00 - 23:00,HARDER STAGE,1720900800,1720904400,,,14230,10364,217,HARDER STAGE,Saturday,4,22:00:00,23:00:00,2024-07-13,2024-07-13
31459,20091,The Hitmen,Sat 13 Jul 22:00 - 23:00,CLASSIC AREA,1720900800,1720904400,,,14238,10364,218,CLASSIC AREA,Saturday,4,22:00:00,23:00:00,2024-07-13,2024-07-13
31809,19980,Alfred Heinrichs,Sat 13 Jul 22:00 - 23:00,ARENA STAGE,1720900800,1720904400,,,14229,10364,219,ARENA STAGE,Saturday,4,22:00:00,23:00:00,2024-07-13,2024-07-13
31431,20063,Morten Granau,Sat 13 Jul 22:30 - 00:00,SECOND STAGE,1720902600,1720908000,,,14242,10364,220,SECOND STAGE,Saturday,4,22:30:00,00:00:00,2024-07-13,2024-07-14
31410,20042,HBz,Sat 13 Jul 22:30 - 00:00,TERMINAL STAGE,1720902600,1720908000,,,14245,10364,221,TERMINAL STAGE,Saturday,4,22:30:00,00:00:00,2024-07-13,2024-07-14
31829,19835,Oliver Heldens,Sat 13 Jul 23:00 - 00:15,MAINSTAGE,1720904400,1720908900,,,14228,10364,222,MAINSTAGE,Saturday,4,23:00:00,00:15:00,2024-07-13,2024-07-14
31443,20075,Charly Lownoise,Sat 13 Jul 23:00 - 00:00,CLASSIC AREA,1720904400,1720908000,,,14238,10364,223,CLASSIC AREA,Saturday,4,23:00:00,00:00:00,2024-07-13,2024-07-14
31939,20604,DaTweekaz,Sat 13 Jul 23:00 - 00:00,HARDER STAGE,1720904400,1720908000,,,14230,10364,224,HARDER STAGE,Saturday,4,23:00:00,00:00:00,2024-07-13,2024-07-14
31818,19986,Danny Avila,Sat 13 Jul 23:00 - 00:30,ARENA STAGE,1720904400,1720909800,,,14229,10364,225,ARENA STAGE,Saturday,4,23:00:00,00:30:00,2024-07-13,2024-07-14
31457,20089,Starsplash,Sat 13 Jul 00:00 - 01:00,CLASSIC AREA,1720908000,1720911600,,,14238,10364,226,CLASSIC AREA,Saturday,4,00:00:00,01:00:00,2024-07-14,2024-07-14
31430,20062,Hatikwa,Sat 13 Jul 00:00 - 01:30,SECOND STAGE,1720908000,1720913400,,,14242,10364,227,SECOND STAGE,Saturday,4,00:00:00,01:30:00,2024-07-14,2024-07-14
32083,20814,Hard Driver,Sat 13 Jul 00:00 - 01:00,HARDER STAGE,1720908000,1720911600,,,14230,10364,228,HARDER STAGE,Saturday,4,00:00:00,01:00:00,2024-07-14,2024-07-14
32322,21085,öwnboss,Sat 13 Jul 00:00 - 01:30,TERMINAL STAGE,1720908000,1720913400,,,14245,10364,229,TERMINAL STAGE,Saturday,4,00:00:00,01:30:00,2024-07-14,2024-07-14
31837,19840,Vini Vici,Sat 13 Jul 00:15 - 01:30,MAINSTAGE,1720908900,1720913400,,,14228,10364,230,MAINSTAGE,Saturday,4,00:15:00,01:30:00,2024-07-14,2024-07-14
32461,21185,Maddix,Sat 13 Jul 00:30 - 01:30,ARENA STAGE,1720909800,1720913400,,,14229,10364,231,ARENA STAGE,Saturday,4,00:30:00,01:30:00,2024-07-14,2024-07-14
31402,20034,Sickmode,Sat 13 Jul 01:00 - 02:00,HARDER STAGE,1720911600,1720915200,,,14230,10364,232,HARDER STAGE,Saturday,4,01:00:00,02:00:00,2024-07-14,2024-07-14
31455,20087,Rocco b2b Pulsedriver,Sat 13 Jul 01:00 - 03:00,CLASSIC AREA,1720911600,1720918800,,,14238,10364,233,CLASSIC AREA,Saturday,4,01:00:00,03:00:00,2024-07-14,2024-07-14
36708,24414,Fireworks,Sat 13 Jul 01:30 - 01:45,MAINSTAGE,1720913400,1720914300,,,14228,10364,234,MAINSTAGE,Saturday,4,01:30:00,01:45:00,2024-07-14,2024-07-14
31824,19990,Indira Paganotto,Sat 13 Jul 01:30 - 03:00,ARENA STAGE,1720913400,1720918800,,,14229,10364,235,ARENA STAGE,Saturday,4,01:30:00,03:00:00,2024-07-14,2024-07-14
33119,21585,Sam Feldt,Sat 13 Jul 01:30 - 03:00,TERMINAL STAGE,1720913400,1720918800,,,14245,10364,236,TERMINAL STAGE,Saturday,4,01:30:00,03:00:00,2024-07-14,2024-07-14
31437,20069,Schrittmacher,Sat 13 Jul 01:30 - 03:00,SECOND STAGE,1720913400,1720918800,,,14242,10364,237,SECOND STAGE,Saturday,4,01:30:00,03:00:00,2024-07-14,2024-07-14
31808,19977,Afrojack,Sat 13 Jul 01:45 - 03:00,MAINSTAGE,1720914300,1720918800,,,14228,10364,238,MAINSTAGE,Saturday,4,01:45:00,03:00:00,2024-07-14,2024-07-14
31668,20299,Thyron b2b Mutilator,Sat 13 Jul 02:00 - 02:45,HARDER STAGE,1720915200,1720917900,,,14230,10364,239,HARDER STAGE,Saturday,4,02:00:00,02:45:00,2024-07-14,2024-07-14
31384,20016,Angerfist,Sat 13 Jul 02:45 - 03:45,HARDER STAGE,1720917900,1720921500,,,14230,10364,240,HARDER STAGE,Saturday,4,02:45:00,03:45:00,2024-07-14,2024-07-14
33122,21592,Babalos,Sat 13 Jul 03:00 - 04:00,SECOND STAGE,1720918800,1720922400,,,14242,10364,241,SECOND STAGE,Saturday,4,03:00:00,04:00:00,2024-07-14,2024-07-14
31840,20473,Dj Lee,Sat 13 Jul 03:00 - 04:00,CLASSIC AREA,1720918800,1720922400,,,14238,10364,242,CLASSIC AREA,Saturday,4,03:00:00,04:00:00,2024-07-14,2024-07-14
31822,19988,HI-LO,Sat 13 Jul 03:00 - 04:30,ARENA STAGE,1720918800,1720924200,,,14229,10364,243,ARENA STAGE,Saturday,4,03:00:00,04:30:00,2024-07-14,2024-07-14
31408,20040,Blasterjaxx,Sat 13 Jul 03:00 - 04:30,TERMINAL STAGE,1720918800,1720924200,,,14245,10364,244,TERMINAL STAGE,Saturday,4,03:00:00,04:30:00,2024-07-14,2024-07-14
31397,20029,Miss K8 b2b Anime,Sat 13 Jul 03:45 - 04:45,HARDER STAGE,1720921500,1720925100,,,14230,10364,245,HARDER STAGE,Saturday,4,03:45:00,04:45:00,2024-07-14,2024-07-14
31936,20601,LsDirty,Sat 13 Jul 04:00 - 06:00,SECOND STAGE,1720922400,1720929600,,,14242,10364,246,SECOND STAGE,Saturday,4,04:00:00,06:00:00,2024-07-14,2024-07-14
31449,20081,Remember Gary D Vinyl Set pres. by DJ Yanny & Martink,Sat 13 Jul 04:00 - 05:00,CLASSIC AREA,1720922400,1720926000,,,14238,10364,247,CLASSIC AREA,Saturday,4,04:00:00,05:00:00,2024-07-14,2024-07-14
31407,20039,Axmo,Sat 13 Jul 04:30 - 06:00,TERMINAL STAGE,1720924200,1720929600,,,14245,10364,248,TERMINAL STAGE,Saturday,4,04:30:00,06:00:00,2024-07-14,2024-07-14
31760,20408,Sara Landry,Sat 13 Jul 04:30 - 06:00,ARENA STAGE,1720924200,1720929600,,,14229,10364,249,ARENA STAGE,Saturday,4,04:30:00,06:00:00,2024-07-14,2024-07-14
31393,20025,gpf,Sat 13 Jul 04:45 - 05:30,HARDER STAGE,1720925100,1720927800,,,14230,10364,250,HARDER STAGE,Saturday,4,04:45:00,05:30:00,2024-07-14,2024-07-14
32324,21091,Bamba,Sat 13 Jul 05:00 - 06:00,CLASSIC AREA,1720926000,1720929600,,,14238,10364,251,CLASSIC AREA,Saturday,4,05:00:00,06:00:00,2024-07-14,2024-07-14
35152,23447,Samynator,Sat 13 Jul 05:30 - 06:00,HARDER STAGE,1720927800,1720929600,,,14230,10364,252,HARDER STAGE,Saturday,4,05:30:00,06:00:00,2024-07-14,2024-07-14
